time,hour,temperature,cloudcover,humidity,precipitation,solar_irradiance,smoke_aqi_proxy
2026-07-14 00:00:00,0,70.52,0,69,0.0,0.0,27.6
2026-07-14 01:00:00,1,69.98,0,73,0.0,0.0,29.200000000000003
2026-07-14 02:00:00,2,68.72,0,78,0.0,0.0,31.200000000000003
2026-07-14 03:00:00,3,68.36,0,78,0.0,0.0,31.200000000000003
2026-07-14 04:00:00,4,67.64,0,77,0.0,0.0,30.8
2026-07-14 05:00:00,5,67.28,2,77,0.0,0.0,32.0
2026-07-14 06:00:00,6,67.1,0,79,0.0,1.0,31.6
2026-07-14 07:00:00,7,68.72,3,80,0.0,72.0,33.8
2026-07-14 08:00:00,8,71.78,9,78,0.0,232.0,36.6
2026-07-14 09:00:00,9,75.92,17,71,0.0,415.0,38.6
2026-07-14 10:00:00,10,80.24000000000001,11,64,0.0,591.0,32.2
2026-07-14 11:00:00,11,84.02,14,56,0.0,742.0,30.800000000000004
2026-07-14 12:00:00,12,87.08000000000001,0,50,0.0,852.0,20.0
2026-07-14 13:00:00,13,89.41999999999999,0,47,0.0,916.0,18.8
2026-07-14 14:00:00,14,89.96000000000001,29,46,0.0,921.0,35.8
2026-07-14 15:00:00,15,91.03999999999999,2,44,0.0,872.0,18.8
2026-07-14 16:00:00,16,91.58000000000001,0,43,0.0,773.0,17.2
2026-07-14 17:00:00,17,91.22,12,45,0.0,630.0,25.2
2026-07-14 18:00:00,18,90.14,1,50,0.0,457.0,20.6
2026-07-14 19:00:00,19,87.61999999999999,0,56,0.0,273.0,22.400000000000002
2026-07-14 20:00:00,20,84.2,16,63,0.0,103.0,34.800000000000004
2026-07-14 21:00:00,21,82.22,0,67,0.0,6.0,26.8
2026-07-14 22:00:00,22,81.32,0,69,0.0,0.0,27.6
2026-07-14 23:00:00,23,80.6,0,69,0.0,0.0,27.6
2026-07-15 00:00:00,0,79.7,0,68,0.0,0.0,27.200000000000003
2026-07-15 01:00:00,1,78.98,0,68,0.0,0.0,27.200000000000003
2026-07-15 02:00:00,2,77.36,0,76,0.0,0.0,30.400000000000002
2026-07-15 03:00:00,3,76.64,0,78,0.0,0.0,31.200000000000003
2026-07-15 04:00:00,4,75.92,63,80,0.0,0.0,69.8
2026-07-15 05:00:00,5,75.38,22,82,0.0,0.0,46.0
2026-07-15 06:00:00,6,75.02,2,82,0.0,1.0,34.00000000000001
2026-07-15 07:00:00,7,76.46,54,78,0.0,72.0,63.6
2026-07-15 08:00:00,8,78.98,38,74,0.0,228.0,52.400000000000006
2026-07-15 09:00:00,9,83.12,38,65,0.0,419.0,48.8
2026-07-15 10:00:00,10,86.53999999999999,21,58,0.0,593.0,35.800000000000004
2026-07-15 11:00:00,11,89.78,12,54,0.0,746.0,28.8
2026-07-15 12:00:00,12,92.48,36,51,0.0,859.0,42.0
2026-07-15 13:00:00,13,94.82,74,48,0.0,913.0,63.6
2026-07-15 14:00:00,14,95.53999999999999,99,48,0.0,917.0,78.6
2026-07-15 15:00:00,15,95.9,95,48,0.0,826.0,76.2
2026-07-15 16:00:00,16,95.72,90,48,0.0,690.0,73.2
2026-07-15 17:00:00,17,95.53999999999999,88,46,0.0,558.0,71.2
2026-07-15 18:00:00,18,94.1,95,48,0.0,420.0,76.2
2026-07-15 19:00:00,19,92.48,95,55,0.0,193.0,79.0
2026-07-15 20:00:00,20,88.88000000000001,88,60,0.0,61.0,76.8
2026-07-15 21:00:00,21,84.74,0,71,0.0,5.0,28.400000000000002
2026-07-15 22:00:00,22,82.94,68,77,0.0,0.0,71.6
2026-07-15 23:00:00,23,81.5,86,77,0.0,0.0,82.4
2026-07-16 00:00:00,0,80.06,90,76,0.0,0.0,84.4
2026-07-16 01:00:00,1,78.8,83,78,0.0,0.0,81.0
2026-07-16 02:00:00,2,77.54,41,80,0.0,0.0,56.599999999999994
2026-07-16 03:00:00,3,77.72,88,79,0.0,0.0,84.4
2026-07-16 04:00:00,4,77.36,92,80,0.0,0.0,87.19999999999999
2026-07-16 05:00:00,5,76.82,60,82,0.0,0.0,68.80000000000001
2026-07-16 06:00:00,6,76.1,81,84,0.0,1.0,82.2
2026-07-16 07:00:00,7,77.36,94,79,0.0,62.0,88.0
2026-07-16 08:00:00,8,77.9,83,78,0.0,182.0,81.0
2026-07-16 09:00:00,9,81.14,30,67,0.0,359.0,44.8
2026-07-16 10:00:00,10,83.84,9,62,0.0,544.0,30.2
2026-07-16 11:00:00,11,86.18,23,62,0.0,702.0,38.6
2026-07-16 12:00:00,12,88.52,60,58,0.0,796.0,59.2
2026-07-16 13:00:00,13,90.32,45,54,0.2,822.0,48.6
2026-07-16 14:00:00,14,91.4,29,51,0.1,826.0,37.8
2026-07-16 15:00:00,15,93.02,26,46,0.0,803.0,34.0
2026-07-16 16:00:00,16,93.02,30,46,0.0,690.0,36.400000000000006
2026-07-16 17:00:00,17,92.48,16,48,0.0,559.0,28.800000000000004
2026-07-16 18:00:00,18,91.76,18,48,0.0,394.0,30.0
2026-07-16 19:00:00,19,89.41999999999999,34,56,0.0,221.0,42.8
2026-07-16 20:00:00,20,87.8,26,54,0.0,93.0,37.2
2026-07-16 21:00:00,21,85.28,7,59,0.0,5.0,27.8
2026-07-16 22:00:00,22,83.12,23,57,0.0,0.0,36.6
2026-07-16 23:00:00,23,80.6,19,58,0.0,0.0,34.6
2026-07-17 00:00:00,0,78.44,34,64,0.0,0.0,46.0
2026-07-17 01:00:00,1,77.0,8,65,0.0,0.0,30.8
2026-07-17 02:00:00,2,74.48,2,66,0.0,0.0,27.6
2026-07-17 03:00:00,3,73.58,45,65,0.0,0.0,53.0
2026-07-17 04:00:00,4,72.5,70,67,0.0,0.0,68.8
2026-07-17 05:00:00,5,71.42,41,70,0.0,0.0,52.599999999999994
2026-07-17 06:00:00,6,70.88,68,71,0.0,1.0,69.2
2026-07-17 07:00:00,7,72.14,48,69,0.0,68.0,56.4
2026-07-17 08:00:00,8,73.4,21,70,0.0,230.0,40.6
2026-07-17 09:00:00,9,77.18,58,61,0.0,420.0,59.2
2026-07-17 10:00:00,10,80.06,46,52,0.0,596.0,48.4
2026-07-17 11:00:00,11,82.58,36,46,0.0,759.0,40.0
2026-07-17 12:00:00,12,84.38000000000001,59,41,0.0,865.0,51.8
2026-07-17 13:00:00,13,86.0,56,38,0.0,929.0,48.800000000000004
2026-07-17 14:00:00,14,86.36,49,37,0.0,934.0,44.2
2026-07-17 15:00:00,15,87.26,63,35,0.0,888.0,51.8
2026-07-17 16:00:00,16,87.8,26,35,0.0,782.0,29.6
2026-07-17 17:00:00,17,87.98,59,36,0.0,644.0,49.8
2026-07-17 18:00:00,18,87.8,38,37,0.0,465.0,37.6
2026-07-17 19:00:00,19,87.26,47,37,0.0,274.0,43.0
2026-07-17 20:00:00,20,84.2,29,48,0.0,100.0,36.6
2026-07-17 21:00:00,21,81.86,5,57,0.0,5.0,25.8
2026-07-17 22:00:00,22,79.52,15,62,0.0,0.0,33.8
2026-07-17 23:00:00,23,77.54,88,66,0.0,0.0,79.2
2026-07-18 00:00:00,0,76.1,74,72,0.0,0.0,73.2
2026-07-18 01:00:00,1,75.2,63,75,0.0,0.0,67.8
2026-07-18 02:00:00,2,72.5,97,83,0.0,0.0,91.4
2026-07-18 03:00:00,3,71.78,94,84,0.0,0.0,90.0
2026-07-18 04:00:00,4,71.42,94,87,0.0,0.0,91.2
2026-07-18 05:00:00,5,71.6,100,83,0.0,0.0,93.2
2026-07-18 06:00:00,6,71.42,89,82,0.0,1.0,86.2
2026-07-18 07:00:00,7,72.68,98,79,0.0,60.0,90.4
2026-07-18 08:00:00,8,74.84,96,72,0.0,177.0,86.39999999999999
2026-07-18 09:00:00,9,77.18,98,70,0.1,320.0,86.8
2026-07-18 10:00:00,10,79.16,100,74,1.2,490.0,89.6
2026-07-18 11:00:00,11,74.66,100,90,2.6,118.0,96.0
2026-07-18 12:00:00,12,75.02,97,91,1.3,201.0,94.6
2026-07-18 13:00:00,13,77.54,100,83,0.1,326.0,93.2
2026-07-18 14:00:00,14,84.02,92,74,0.0,425.0,84.8
2026-07-18 15:00:00,15,77.9,100,91,7.4,454.0,96.4
2026-07-18 16:00:00,16,75.92,100,92,2.8,185.0,96.80000000000001
2026-07-18 17:00:00,17,74.12,100,98,2.0,96.0,99.2
2026-07-18 18:00:00,18,74.84,100,97,1.3,106.0,98.80000000000001
2026-07-18 19:00:00,19,77.54,74,94,0.1,102.0,82.0
2026-07-18 20:00:00,20,78.25999999999999,99,93,0.0,80.0,96.6
2026-07-18 21:00:00,21,76.64,99,90,0.3,3.0,95.4
2026-07-18 22:00:00,22,74.84,99,93,0.5,0.0,96.6
2026-07-18 23:00:00,23,73.58,100,96,1.9,0.0,98.4
2026-07-19 00:00:00,0,73.75999999999999,96,96,1.0,0.0,96.0
2026-07-19 01:00:00,1,73.75999999999999,90,96,0.1,0.0,92.4
2026-07-19 02:00:00,2,74.12,50,94,0.0,0.0,67.6
2026-07-19 03:00:00,3,73.04,51,93,0.0,0.0,67.8
2026-07-19 04:00:00,4,72.14,47,91,0.0,0.0,64.6
2026-07-19 05:00:00,5,71.42,46,90,0.0,0.0,63.599999999999994
2026-07-19 06:00:00,6,70.7,0,91,0.0,0.0,36.4
2026-07-19 07:00:00,7,71.42,0,89,0.0,65.0,35.6
2026-07-19 08:00:00,8,74.84,0,76,0.0,225.0,30.400000000000002
2026-07-19 09:00:00,9,76.28,0,69,0.0,413.0,27.6
2026-07-19 10:00:00,10,77.18,1,62,0.0,592.0,25.400000000000002
2026-07-19 11:00:00,11,78.08,2,57,0.0,749.0,24.0
2026-07-19 12:00:00,12,78.98,1,51,0.0,865.0,21.000000000000004
2026-07-19 13:00:00,13,79.7,1,46,0.0,933.0,19.000000000000004
2026-07-19 14:00:00,14,80.96,24,42,0.0,950.0,31.2
2026-07-19 15:00:00,15,81.14,12,42,0.0,899.0,24.0
2026-07-19 16:00:00,16,80.96,44,42,0.0,790.0,43.2
2026-07-19 17:00:00,17,80.42,20,44,0.0,648.0,29.6
2026-07-19 18:00:00,18,79.88,1,45,0.0,466.0,18.6
2026-07-19 19:00:00,19,79.16,4,47,0.0,277.0,21.2
2026-07-19 20:00:00,20,76.46,3,54,0.0,99.0,23.400000000000002
2026-07-19 21:00:00,21,75.56,4,53,0.0,5.0,23.6
2026-07-19 22:00:00,22,74.3,5,55,0.0,0.0,25.0
2026-07-19 23:00:00,23,73.04,10,57,0.0,0.0,28.8
